-- MySQL dump 10.13  Distrib 8.0.22, for osx10.14 (x86_64)
--
-- Host: localhost    Database: scrape
-- ------------------------------------------------------
-- Server version	8.0.22

/*!40101 SET @OLD_CHARACTER_SET_CLIENT=@@CHARACTER_SET_CLIENT */;
/*!40101 SET @OLD_CHARACTER_SET_RESULTS=@@CHARACTER_SET_RESULTS */;
/*!40101 SET @OLD_COLLATION_CONNECTION=@@COLLATION_CONNECTION */;
/*!50503 SET NAMES utf8mb4 */;
/*!40103 SET @OLD_TIME_ZONE=@@TIME_ZONE */;
/*!40103 SET TIME_ZONE='+00:00' */;
/*!40014 SET @OLD_UNIQUE_CHECKS=@@UNIQUE_CHECKS, UNIQUE_CHECKS=0 */;
/*!40014 SET @OLD_FOREIGN_KEY_CHECKS=@@FOREIGN_KEY_CHECKS, FOREIGN_KEY_CHECKS=0 */;
/*!40101 SET @OLD_SQL_MODE=@@SQL_MODE, SQL_MODE='NO_AUTO_VALUE_ON_ZERO' */;
/*!40111 SET @OLD_SQL_NOTES=@@SQL_NOTES, SQL_NOTES=0 */;

--
-- Table structure for table `combined_movies`
--

DROP TABLE IF EXISTS `combined_movies`;
/*!40101 SET @saved_cs_client     = @@character_set_client */;
/*!50503 SET character_set_client = utf8mb4 */;
CREATE TABLE `combined_movies` (
  `id` int NOT NULL DEFAULT '0',
  `torrent_name` text,
  `imdb_id` text,
  `torrent_size` text,
  `torrent_seeders` text,
  `torrent_leechers` text,
  `info_hash` text,
  `tmdb_id` int,
  `movie_title` text,
  `keywords` text
) ENGINE=InnoDB DEFAULT CHARSET=utf8mb4 COLLATE=utf8mb4_0900_ai_ci;
/*!40101 SET character_set_client = @saved_cs_client */;

--
-- Dumping data for table `combined_movies`
--

LOCK TABLES `combined_movies` WRITE;
/*!40000 ALTER TABLE `combined_movies` DISABLE KEYS */;
INSERT INTO `combined_movies` VALUES (1,'Tenet.2020.720p.HDRip.900MB.x264-GalaxyRG \\xe2\\xad\\x90','tt6723592','897.9 MB','4509','1525','FAD87ADFB92CBEEB0CF8265B837B76E48971BC40',577922,'Tenet','spy,airport,norway,fire engine,time,mumbai (bombay), india,time travel,arms dealer,espionage,crime scene,terrorism,car chase,swat team,terrorist attack,terrorist plot,time paradox,kiev russia,spy thriller,tallinn,2020s'),(2,'Tenet.2020.1080p.HDRip.x264.AAC2.0-SHITBOX','tt6723592','4.0 GB','11168','1952','F53691464BD2AD86248045B57FFCB006631D259B',577922,'Tenet','spy,airport,norway,fire engine,time,mumbai (bombay), india,time travel,arms dealer,espionage,crime scene,terrorism,car chase,swat team,terrorist attack,terrorist plot,time paradox,kiev russia,spy thriller,tallinn,2020s'),(3,'Honest.Thief.2020.720p.BluRay.800MB.x264-GalaxyRG \\xe2\\xad\\x90','tt1838556','866.4 MB','2269','571','1E50E9D7B4699E694D1B3284FE8E7619DE578ABB',553604,'Honest Thief','bomb,bank robber,criminal past,divorce,fbi agent'),(4,'The.Croods.A.New.Age.2020.720p.WEBRip.800MB.x264-GalaxyRG \\xe2\\xad\\x90','tt2850386','796.2 MB','3262','925','B8097B0CFFE31D794362D1EC83D3604158908C47',529203,'The Croods: A New Age','sequel,prehistory'),(5,'Suraj Pe Mangal Bhari (2020) Hindi 720p WEB-DL x264 ESubs [NW] - MkvHub','tt10731264','1.1 GB','361','45','7EB7136ACD9295CB6164A02C50A83D1A49E4576C',738567,'Suraj Pe Mangal Bhari',''),(6,'Durgamati The Myth (2020)Hindi 720p WEBRip x264 AAC. ESub','unknown','1.1 GB','383','49','965B08CF479060189928D75E74BA40481A691169',NULL,NULL,NULL),(7,'Tenet.2020.1080p.HDRip.DD5.1.X.264-EVO[TGx] \\xe2\\xad\\x90','tt6723592','2.7 GB','1944','470','2B7C9CCE1B74C9A8CBE97357A9DAC706D0BA6E96',577922,'Tenet','spy,airport,norway,fire engine,time,mumbai (bombay), india,time travel,arms dealer,espionage,crime scene,terrorism,car chase,swat team,terrorist attack,terrorist plot,time paradox,kiev russia,spy thriller,tallinn,2020s'),(8,'Freaky.2020.720p.WEBRip.800MB.x264-GalaxyRG \\xe2\\xad\\x90','tt10919380','797.4 MB','2908','819','A7838EB7D9DFBCFB0476DFA63868EA25A53BC909',551804,'Freaky','serial killer,body-swap'),(9,'Tenet.2020.IMAX.1080p.BRRip.H264.AAC-RARBG','unknown','2.9 GB','2080','585','8110FB357235905D66BFBD877AF0A2DB4B4E03D0',NULL,NULL,NULL),(10,'Boss.Level.2020.720p.WEBRip.800MB.x264-GalaxyRG \\xe2\\xad\\x90','tt7638348','797.1 MB','1089','142','3482E66FF2E3AC2EFF8F3B0960892526119FE9CE',513310,'Boss Level','time loop'),(11,'Tenet.2020.1080p.HDRip.X264.AC3-EVO','unknown','4.2 GB','2924','1357','7759B7A53A7A4FD47185CA303F9BA2096A08A33A',NULL,NULL,NULL),(12,'Let.Him.Go.2020.720p.WEBRip.800MB.x264-GalaxyRG \\xe2\\xad\\x90','tt9340860','797.4 MB','1203','230','EA60D009239A35F9DA05D3629A07800B90E486D7',596161,'Let Him Go','based on novel or book'),(13,'Superintelligence.2020.720p.WEBRip.800MB.x264-GalaxyRG \\xe2\\xad\\x90','tt7178640','797.1 MB','1199','137','B78C88590668A42B3A71294739D0B7AC95670647',521007,'Superintelligence',''),(14,'Pinocchio.2020.720p.WEBRip.800MB.x264-GalaxyRG \\xe2\\xad\\x90','tt8333746','798.1 MB','864','97','BF16ACE87DABF2300253B7EDB7600B1BAB3EE02A',413518,'Pinocchio','based on novel or book,based on children\'s book'),(15,'Ip.Man.Kung.Fu.Master.2020.720p.BluRay.800MB.x264-GalaxyRG \\xe2\\xad\\x90','tt12567246','855.3 MB','1092','83','043C29D87567F43FACD4B6E621935BEADA30BD05',658009,'Ip Man: Kung Fu Master',''),(16,'Illumination.Presents.Minions.Holiday.Special.2020.720p.WEB.h264-BAE[TGx] \\xe2\\xad\\x90','null','405.5 MB','714','42','8C8EE3120FEB5890214C4B105600A626F6F0DD34',NULL,NULL,NULL),(17,'Monsters.of.Man.2020.720p.WEBRip.800MB.x264-GalaxyRG \\xe2\\xad\\x90','tt6456326','797.5 MB','956','94','3E645188234475356B7D102313B35CB4D0B3F8CD',733317,'Monsters of Man','killer robot'),(18,'Skylines.2020.720p.WEBRip.800MB.x264-GalaxyRG \\xe2\\xad\\x90','tt9387250','797.7 MB','1640','466','6897764F615E07B2B41F8EE9D636C657039123EF',560144,'Skylines',''),(19,'Role Play (Charmsukh) (2020) ULLU Hindi 1080p WEBRip x264 AAC','unknown','455.1 MB','222','60','3321462A4F525DD6C94EE751E3FD80D3B0968B54',NULL,NULL,NULL),(20,'Torbaaz 2020 WebRip 720p Hindi AAC 5.1 x264 MSubs - mkvCinemas [Telly]','unknown','1.2 GB','160','15','04007BBAE5A92AFE83048D8F0D8F0839F5063BBB',NULL,NULL,NULL),(21,'Breach.2020.720p.WEBRip.800MB.x264-GalaxyRG \\xe2\\xad\\x90','tt9820556','796.4 MB','1574','363','EB61B8C63F9B563AFAF05761D76527A682EA5879',651571,'Breach','shape shifting alien,deep space'),(22,'Wander.2020.720p.WEBRip.800MB.x264-GalaxyRG \\xe2\\xad\\x90','tt9689696','796.0 MB','838','255','1B9EC944B5FDF7113CF5A74D1B618EEDDC32F11C',646593,'Wander','small town,new mexico,paranoia,murder,flashback,grief,conspiracy,car accident,violence,private detective,fbi agent,ptsd'),(23,'The.Croods.A.New.Age.2020.1080p.WEB-DL.DD5.1.x264-CM','unknown','4.1 GB','3379','710','1AC4BE5E02A5288927EB458A27F77F802BDAA690',NULL,NULL,NULL),(24,'Army.of.One.2020.720p.WEBRip.800MB.x264-GalaxyRG \\xe2\\xad\\x90','tt7153488','796.6 MB','932','126','F47D578C264F123351CB7DF99BADCC828A90E6B2',768939,'Army of One','slavery'),(25,'Tenet (2020) 720p IMAX BluRay [Hindi 5.1 + English] Dual-Audio x264 ESub - Katmo...','unknown','1.5 GB','207','56','F5B19190B30EEEA7BB1E3730F7E4B8821D755C97',NULL,NULL,NULL),(26,'Freaky.2020.1080p.WEBRip.x264-RARBG','tt10919380','1.9 GB','1145','182','0BFA48D542DC37A40308B87041724FCD11D71698',551804,'Freaky','serial killer,body-swap'),(27,'Honest.Thief.2020.1080p.BDRip.X264.AC3-EVO[TGx] \\xe2\\xad\\x90','tt1838556','3.7 GB','589','184','6D3927BC58E8DC3793A3BC37E1EFE5D26DB80997',553604,'Honest Thief','bomb,bank robber,criminal past,divorce,fbi agent'),(28,'Archenemy.2020.720p.WEBRip.800MB.x264-GalaxyRG \\xe2\\xad\\x90','tt11274100','796.6 MB','603','77','8AB06410DD553042B3C743594356A8CCC8DACF7B',727097,'Archenemy',''),(29,'Dune.Drifter.2020.720p.WEBRip.800MB.x264-GalaxyRG \\xe2\\xad\\x90','tt11835714','796.9 MB','634','44','CA0E5A5D4092A91B9976EB98B78E5FA59CF63395',744738,'Dune Drifter',''),(30,'Godmothered.2020.720p.WEBRip.800MB.x264-GalaxyRG \\xe2\\xad\\x90','tt11681250','797.6 MB','546','264','14A579894F8B62847554055BEF7A2E7724F0989D',662546,'Godmothered','christmas,fairy godmother'),(31,'Monster.Hunters.2020.720p.BluRay.800MB.x264-GalaxyRG \\xe2\\xad\\x90','tt12942958','858.7 MB','379','48','5BABB1CFBED123F9539C06A1D57869CDAF0FB0F2',736485,'Monster Hunters',''),(32,'Tenet.2020.IMAX.1080p.BluRay.x265-RARBG','unknown','2.3 GB','713','94','99E6A6BA51F5BABED86C3F1070E1126C4A938D9C',NULL,NULL,NULL),(33,'Happiest.Season.2020.720p.WEBRip.800MB.x264-GalaxyRG \\xe2\\xad\\x90','tt8522006','797.5 MB','798','384','FAD92F428CB94C33F1CE75762FB93738774BA2B8',520172,'Happiest Season','marriage proposal,coming out,romantic comedy,lesbian relationship,in the closet,orphan,family holiday,lgbt,woman director,holiday season,pittsburgh, pennsylvania,christmas,mayoral campaign,sister sister relationship,lesbian couple,gay best friend'),(34,'Parallel.2020.720p.WEBRip.800MB.x264-GalaxyRG \\xe2\\xad\\x90','tt4922674','797.1 MB','644','35','7F79DE5FA71502499875D19870F885C598BE7D69',426793,'Parallel',''),(35,'Sab Kushal Mangal (2020) Hindi 720p WEBRipx264 AAC','unknown','984.2 MB','170','38','996A0F8C097C12E7300D4F4784BE66A7B0C4325C',NULL,NULL,NULL),(36,'Harami.2020.1080p.WEB.SCR.AAC.2.0.H.264-Telly','unknown','2.0 GB','152','21','DF5EFBAAAAC05A4AE421A03D9A0920958836BB6D',NULL,NULL,NULL),(37,'Tenet 2020 1080p WEB-DL 2.5GB ESubs - MkvHub','tt6723592','2.5 GB','393','162','F02287952733089CFEDB85BFD5D5624153756487',577922,'Tenet','spy,airport,norway,fire engine,time,mumbai (bombay), india,time travel,arms dealer,espionage,crime scene,terrorism,car chase,swat team,terrorist attack,terrorist plot,time paradox,kiev russia,spy thriller,tallinn,2020s'),(38,'Suraj Pe Mangal Bhari 2020 Hindi 720p WEBRip AAC ESubs x264 - LOKiHD - Telly','unknown','1.3 GB','193','34','5E07D150AC0791B589AD517BFE954E5307E56A91',NULL,NULL,NULL),(39,'Boss.Level.2020.1080p.WEBRip.x264-RARBG','tt7638348','1.9 GB','1693','293','07597F0AC1F79F9874D665DDCD7676BAB5F2F3BD',513310,'Boss Level','time loop'),(40,'Darbaan (2020) Zee5 Hindi 720p WEBRip x264 AAC. ESub','unknown','666.7 MB','124','16','BEABACC81AC54906299CF2AF01790817CBE3359D',NULL,NULL,NULL),(41,'Dracula.Sir.2020.Bengali.1080p.WEB-DL.AAC.2.0.H.264-Telly','unknown','1.8 GB','108','7','7D5E5FE170CB5C47909B3640A073080277CAF374',NULL,NULL,NULL),(42,'Indoo Ki Jawani (2020).1-3.PreDvD.Rip.x264.AC3.DUS-IcTv','unknown','1.5 GB','130','49','3C22FAF7F4B87B78D21F910BFA29F5E058DBDF02',NULL,NULL,NULL),(43,'Tenet.2020.HDRip.XviD.AC3-EVO[TGx] \\xe2\\xad\\x90','tt6723592','1.8 GB','936','84','769DB334699777A4F963313735231785F13F1C21',577922,'Tenet','spy,airport,norway,fire engine,time,mumbai (bombay), india,time travel,arms dealer,espionage,crime scene,terrorism,car chase,swat team,terrorist attack,terrorist plot,time paradox,kiev russia,spy thriller,tallinn,2020s'),(44,'Honest.Thief.2020.1080p.BRRip.DD5.1.X.264-EVO[TGx] \\xe2\\xad\\x90','tt1838556','1.8 GB','301','16','1E70E044BC282A2920C598716AF771560D1DA8B3',553604,'Honest Thief','bomb,bank robber,criminal past,divorce,fbi agent'),(45,'The.Kid.Detective.2020.720p.WEBRip.800MB.x264-GalaxyRG \\xe2\\xad\\x90','tt8980602','796.7 MB','481','86','B0EFF9BD13DF40B54A98DE9F90DD0DB2216CCF42',720755,'The Kid Detective',''),(46,'Paava Kadhaigal (2020) NF Hindi 720p WEBRip x264 AAC. ESub','unknown','1.2 GB','139','27','49CAE97F6748BBF0633011A8FEC188B42CBE0B11',NULL,NULL,NULL),(47,'Black.Beauty.2020.720p.DSNP.WEBRip.800MB.x264-GalaxyRG \\xe2\\xad\\x90','tt8484160','793.1 MB','341','95','F4E68E489DED64F8A4AADDB18E6531E81DDDB023',526702,'Black Beauty','narration,teenager horse relationship'),(48,'Infidel.2020.720p.WEBRip.800MB.x264-GalaxyRG \\xe2\\xad\\x90','tt11229780','797.4 MB','548','36','7E6D65A7694153C5983DFA054094E9708F56DA1D',649401,'Infidel','iranian regime'),(49,'Happiest.Season.2020.1080p.WEB.H264-NAISU','tt8522006','2.6 GB','1153','196','832803A6285BB099E83F47658EC14A59C9F839D1',520172,'Happiest Season','marriage proposal,coming out,romantic comedy,lesbian relationship,in the closet,orphan,family holiday,lgbt,woman director,holiday season,pittsburgh, pennsylvania,christmas,mayoral campaign,sister sister relationship,lesbian couple,gay best friend'),(50,'Pay For Sex 2020 720p Korean HDRip H264 BONE','unknown','684.9 MB','93','11','775E42B5DCCBD0772D8AEE98BDB18C18CEFFA074',NULL,NULL,NULL),(51,'Life.in.a.Year.2020.720p.AMZN.WEBRip.800MB.x264-GalaxyRG \\xe2\\xad\\x90','tt6598238','797.2 MB','487','117','514018484332021CDF733E4F715BBC036F87E0E6',447362,'Life in a Year',''),(52,'It\'s My Life (2020) Hindi 720p HDTVRip x264 AAC','unknown','955.8 MB','189','32','579945231B6A41641FCFDDF3E1F58B22E1BE6980',NULL,NULL,NULL),(53,'Skyfire.2019.720p.WEBRip.800MB.x264-GalaxyRG \\xe2\\xad\\x90','tt9203190','797.0 MB','245','24','AEF3BA1E93BF75AF8BBB523FA08620BAF49075DA',604872,'Skyfire',''),(54,'The.Christmas.Chronicles.2.2020.720p.WEBRip.800MB.x264-GalaxyRG \\xe2\\xad\\x90','tt11057644','794.8 MB','430','105','715825D048BC3AC51A497312AC80ACA1DC91B8FE',654028,'The Christmas Chronicles: Part Two','santa claus,sequel,christmas'),(55,'Boss.Level.2020.1080p.WEB-DL.DD5.1.H264-FGT','tt7638348','3.5 GB','2210','216','BB9E886094756D6B733A75CD76C0F0346A157EC8',513310,'Boss Level','time loop'),(56,'Songbird.2020.720p.WEBRip.800MB.x264-GalaxyRG \\xe2\\xad\\x90','tt12592252','796.6 MB','477','114','4C7621A019DD86399B0765A928E4F061150DB069',721625,'Songbird','post-apocalyptic future,quarantine,lockdown,pandemic,covid-19,shot in lockdown'),(57,'What.Lies.Below.2020.720p.WEBRip.800MB.x264-GalaxyRG \\xe2\\xad\\x90','tt9264728','796.0 MB','359','38','85139A69280E28F13C8A6B5AFF74705560E7EAFC',716703,'What Lies Below','mystery'),(58,'Anwar Ka Ajab Kissa (2020) Hindi (720p WEBRip x265 HEVC 10bit AAC 2.0 ESub) - [M...','tt3164774','1,022.2 MB','60','6','6B089BE08A182BA8A7EE84B2188EC55BC7D9FB0C',222394,'Anwar Ka Ajab Kissa',''),(59,'Torbaaz 2020 Hindi 720p AMZN WEBRip AAC 5.1 MSubs x264 - LOKiHD - Telly','unknown','1.3 GB','160','35','3BF68AC7B747B773DA12588E911ED01040342442',NULL,NULL,NULL),(60,'The.Croods.A.New.Age.2020.HDRip.XviD.AC3-EVO[TGx] \\xe2\\xad\\x90','tt2850386','1.2 GB','770','145','15C18278F84D5CE60FDD3B6A94F54C8B44C20FC5',529203,'The Croods: A New Age','sequel,prehistory'),(61,'Suraj.Pe.Mangal.Bhari.2020.1080p.ZEE5.WEB-DL.HIN-Multi.AAC2.0.H.264-Telly','unknown','3.2 GB','54','12','7016AEC431B272206E464394645BD3E8D35FA3BA',NULL,NULL,NULL),(62,'Suraj Pe Mangal Bhari (2020) Hindi 1080p WEB-DL x264 2GB ESubs [NW] - MkvHub','tt10731264','2.0 GB','110','23','3101766C780FE472966F60809BA01C7C3DAF2C66',738567,'Suraj Pe Mangal Bhari',''),(63,'Lupin.III.The.First.2020.720p.WEBRip.800MB.x264-GalaxyRG \\xe2\\xad\\x90','tt10621032','796.1 MB','421','46','0028C1BB5F34787BA6751103FD0739A68667249D',614587,'Lupin III: The First','thief,based on manga,gentleman thief,anime,manga'),(64,'Durgamati The Myth 2020 Hindi 720p AMZN WEBRip AAC 5.1 ESubs x264 - LOKiHD - Tel...','unknown','1.4 GB','145','51','FCE0587249A2BC6A9BF6384CAACB7CE315D0FCFD',NULL,NULL,NULL),(65,'Another.Round.2020.720p.WEBRip.800MB.x264-GalaxyRG \\xe2\\xad\\x90','tt10288566','797.0 MB','708','240','010B9B6D29D6BAC83460FA8E9EB455975F652ECC',580175,'Another Round',''),(66,'Let.Him.Go.2020.1080p.WEBRip.DD5.1.x264-CM','tt9340860','3.7 GB','1602','201','2028AF1984925935B3CD38B68020BA7215B9C28B',596161,'Let Him Go','based on novel or book'),(67,'Savage.2020.REPACK.720p.WEBRip.800MB.x264-GalaxyRG \\xe2\\xad\\x90','tt9099800','796.9 MB','277','18','76833E49F73AE11137866E2E2C31D8EE03787402',627076,'Savage',''),(68,'Unpaused (2020) Hindi 720p WEBDL x264 AAC. ESub','unknown','634.0 MB','113','39','4EB3A52D1A547B4F7A99E70BF29DB70AA2FA82A3',NULL,NULL,NULL),(69,'Ammonite.2020.720p.WEBRip.800MB.x264-GalaxyRG \\xe2\\xad\\x90','tt7983894','796.5 MB','344','182','115F1CBD80821B6E470F9D8EC9B0FBE23FD75750',568467,'Ammonite','paleontologist,biography,lesbian relationship,period drama,lgbt,fossil,19th century,dorset,lesbian couple,lesbian romance'),(70,'Tenet.2020.IMAX.1080p.BluRay.x264.DTS-FGT','unknown','13.6 GB','1645','449','2C20DE5E802AAA1A943B5CC0AA27F2DC1802E418',NULL,NULL,NULL),(71,'Vanguard.2020.HDRip.XviD.AC3-EVO','unknown','1.4 GB','273','44','393FEAC3161639785478B576F9DD5478308E67D7',NULL,NULL,NULL),(72,'Max.Cloud.2020.720p.WEBRip.800MB.x264-GalaxyRG \\xe2\\xad\\x90','tt9472532','796.6 MB','589','106','C2D5C84A88BE4A04783B11FCCDCF3F9E777EB817',647781,'Max Cloud',''),(73,'Im.Your.Woman.2020.720p.WEBRip.800MB.x264-GalaxyRG \\xe2\\xad\\x90','tt10243992','798.7 MB','253','28','C920ED4C4CDB79156EA9B2D6CDA8CFE408E77521',643612,'I\'m Your Woman',''),(74,'Tenet.2020.1080p.HDRip.X264-EVO[TGx] \\xe2\\xad\\x90','tt6723592','10.7 GB','555','108','7B0F5B8DF92E63EF2046836FFCDF352B50033ABC',577922,'Tenet','spy,airport,norway,fire engine,time,mumbai (bombay), india,time travel,arms dealer,espionage,crime scene,terrorism,car chase,swat team,terrorist attack,terrorist plot,time paradox,kiev russia,spy thriller,tallinn,2020s'),(75,'Honest.Thief.2020.BDRip.XviD.AC3-EVO','unknown','1.3 GB','335','32','AA1D6E4F0CD182A26E2227E97532036951D0DC2A',NULL,NULL,NULL),(76,'Mank.2020.720p.WEBRip.800MB.x264-GalaxyRG \\xe2\\xad\\x90','tt10618286','797.2 MB','338','63','7009467B9B86C272CB27683A8773D6E1B33D2068',614560,'Mank','movie business,screenwriter,biography,orson welles,hollywood,alcoholic,1930s'),(77,'Skylines.2020.1080p.WEB-DL.DD5.1.H264-FGT','unknown','3.9 GB','2440','426','54977E450075FDFF1A35CAB24CCCAB818064E7A5',NULL,NULL,NULL),(78,'Mulan (2020) 720p BluRay [Hindi 5.1 + English] Dual-Audio x264 ESub - KatmovieHD','unknown','1.0 GB','79','19','F9F339D4CC43D4A9E5F83EBAB3244343BA77D189',NULL,NULL,NULL),(79,'Let.Him.Go.2020.1080p.WEBRip.x264-RARBG','tt9340860','2.2 GB','1284','217','0CB2B4083164B2D8866B975F7F9F9831064001B3',596161,'Let Him Go','based on novel or book'),(80,'Honest.Thief.2020.1080p.BluRay.x264.DTS-MT','tt1838556','9.2 GB','2199','466','04603E468B1334AD1878B8746BC69F4BB4991607',553604,'Honest Thief','bomb,bank robber,criminal past,divorce,fbi agent'),(81,'The.Croods.A.New.Age.2020.1080p.WEB-DL.DD5.1.H.264-EVO[TGx] \\xe2\\xad\\x90','tt2850386','4.1 GB','510','129','05E1E5D34A0A593979FC46B181E6B82460CFC319',529203,'The Croods: A New Age','sequel,prehistory'),(82,'Break.Even.2020.720p.WEBRip.800MB.x264-GalaxyRG \\xe2\\xad\\x90','tt9707580','796.4 MB','344','31','7E1A3AAEB90F0937AD9843D950B2D6A242289C7F',770492,'Break Even',''),(83,'Mosul.2020.1080p.NF.WEB-DL.DDP5.1.x264-CMRG[TGx] \\xe2\\xad\\x90','tt9252468','3.2 GB','325','74','6F13C80A8E619A73EFF32A0A9899DA172F57958B',618219,'Mosul',''),(84,'Invasion.Planet.Earth.2020.720p.BluRay.800MB.x264-GalaxyRG \\xe2\\xad\\x90','tt3827540','862.7 MB','210','25','B4E4A26D95B58D21D535A638DC77ED5C089299A3',641370,'Invasion Planet Earth',''),(85,'Freaky.2020.1080p.AMZN.WEBRip.DDP5.1.x264-NOGRP','tt10919380','7.0 GB','1304','247','9EE88DB78DC3C557A54921B8EE36300F65F3D62D',551804,'Freaky','serial killer,body-swap'),(86,'Breaking.Surface.2020.720p.BluRay.800MB.x264-GalaxyRG \\xe2\\xad\\x90','tt10081762','853.5 MB','230','67','5EE789B9E76DD589FE97F1DDF6082302CDF56C57',616803,'Breaking Surface','scuba diving,diving accident'),(87,'The Angel Tree 2020 Hallmark 720p HDTV X264 Solar','tt11348926','1.1 GB','243','28','85875D0A907ABB166B73CF9A333DCB055FB2B3BB',746466,'The Angel Tree','mystery,christmas'),(88,'The.Prom.2020.720p.WEBRip.800MB.x264-GalaxyRG \\xe2\\xad\\x90','tt10161886','801.3 MB','259','95','40435CA08BFD0EDC9B11CC85EF81A596D855625B',611213,'The Prom','prom'),(89,'Wolfwalkers.2020.720p.WEBRip.800MB.x264-GalaxyRG \\xe2\\xad\\x90','tt5198068','800.6 MB','278','75','E28571375059080380E4599ACF51BD2F4E149C28',441130,'Wolfwalkers',''),(90,'Five Star Christmas 2020 Hallmark 720p HDTV X264 Solar','tt13320784','1.0 GB','236','47','55F11870207C65179555177A792B43D97B8BA136',746060,'Five Star Christmas','christmas movie,hallmark'),(91,'Tenet.2020.IMAX.2160p.UHD.BluRay.x265.10bit.HDR.DTS-HD.MA.5.1-SWTYBLZ','unknown','29.9 GB','620','404','2A67B807216CEFD16A66ACE1CA9AC01889102AC9',NULL,NULL,NULL),(92,'Tenet 2020 720p WEB-DL 1.3GB ESubs - MkvHub','tt6723592','1.3 GB','144','49','8322431373693260907BAF07B0C3AFC45900B000',577922,'Tenet','spy,airport,norway,fire engine,time,mumbai (bombay), india,time travel,arms dealer,espionage,crime scene,terrorism,car chase,swat team,terrorist attack,terrorist plot,time paradox,kiev russia,spy thriller,tallinn,2020s'),(93,'Harami 2020 1080p 10bit WEBRip AAC x265 HEVC - MoviePirate - Telly','unknown','1.7 GB','89','21','F762463CCE302EFAB2C2CFE6C41FB16084B696DA',NULL,NULL,NULL),(94,'If I Only Had Christmas 2020 Hallmark 720p HDTV X264 Solar','tt12766346','1.1 GB','247','56','C5CEF5126383CAAE254E7E51814D84B8457F70D8',737766,'If I Only Had Christmas','holiday,christmas'),(95,'The.Lord.of.the.Rings.The.Fellowship.of.the.Ring.2001.Extended.2160p.UHD.HDR.Blu...','unknown','14.7 GB','157','56','997EB763B0C51B09ECA3ECBD5D2C27E95772F254',NULL,NULL,NULL),(96,'Wild.Mountain.Thyme.2020.720p.WEBRip.800MB.x264-GalaxyRG \\xe2\\xad\\x90','tt6842770','797.0 MB','211','54','8A543EE1A09A2E7DA66B66984C88B0340F8124CD',628333,'Wild Mountain Thyme','based on play or musical'),(97,'Monsters.of.Man.2020.1080p.WEB-DL.DD5.1.H264-FGT','tt6456326','4.5 GB','1477','196','4389A9C3A4CA85EEE41F8FACDED02C0CB7D659FB',733317,'Monsters of Man','killer robot'),(98,'Breach.2020.1080p.WEB-DL.DD5.1.x264-CM','unknown','3.9 GB','2165','397','80FE93FC25E1E59E6C435997F876E97F0E2887D5',NULL,NULL,NULL),(99,'Harami 2020 Hindi 720p WEBRip AAC x264 - LOKiHD -Telly','unknown','1.0 GB','186','79','7C7BB8A00A0128175C16A96BEB79C5C84BEF4572',NULL,NULL,NULL),(100,'DURGAMATI -THE MYTH (2020) Hindi HDRip 720p x264 DD+5.1 1.1GB ESub','tt11229134','1.1 GB','137','23','AB70CDAB1D4A557353B46D7ED3CC948CF3782110',702550,'Durgamati','remake');
/*!40000 ALTER TABLE `combined_movies` ENABLE KEYS */;
UNLOCK TABLES;

--
-- Table structure for table `tmdb_movies`
--

DROP TABLE IF EXISTS `tmdb_movies`;
/*!40101 SET @saved_cs_client     = @@character_set_client */;
/*!50503 SET character_set_client = utf8mb4 */;
CREATE TABLE `tmdb_movies` (
  `id` int NOT NULL,
  `imdb_id` text,
  `movie_title` text,
  `keywords` text,
  PRIMARY KEY (`id`)
) ENGINE=InnoDB DEFAULT CHARSET=utf8mb4 COLLATE=utf8mb4_0900_ai_ci;
/*!40101 SET character_set_client = @saved_cs_client */;

--
-- Dumping data for table `tmdb_movies`
--

LOCK TABLES `tmdb_movies` WRITE;
/*!40000 ALTER TABLE `tmdb_movies` DISABLE KEYS */;
INSERT INTO `tmdb_movies` VALUES (222394,'tt3164774','Anwar Ka Ajab Kissa',''),(413518,'tt8333746','Pinocchio','based on novel or book,based on children\'s book'),(426793,'tt4922674','Parallel',''),(441130,'tt5198068','Wolfwalkers',''),(447362,'tt6598238','Life in a Year',''),(513310,'tt7638348','Boss Level','time loop'),(520172,'tt8522006','Happiest Season','marriage proposal,coming out,romantic comedy,lesbian relationship,in the closet,orphan,family holiday,lgbt,woman director,holiday season,pittsburgh, pennsylvania,christmas,mayoral campaign,sister sister relationship,lesbian couple,gay best friend'),(521007,'tt7178640','Superintelligence',''),(526702,'tt8484160','Black Beauty','narration,teenager horse relationship'),(529203,'tt2850386','The Croods: A New Age','sequel,prehistory'),(551804,'tt10919380','Freaky','serial killer,body-swap'),(553604,'tt1838556','Honest Thief','bomb,bank robber,criminal past,divorce,fbi agent'),(560144,'tt9387250','Skylines',''),(568467,'tt7983894','Ammonite','paleontologist,biography,lesbian relationship,period drama,lgbt,fossil,19th century,dorset,lesbian couple,lesbian romance'),(577922,'tt6723592','Tenet','spy,airport,norway,fire engine,time,mumbai (bombay), india,time travel,arms dealer,espionage,crime scene,terrorism,car chase,swat team,terrorist attack,terrorist plot,time paradox,kiev russia,spy thriller,tallinn,2020s'),(580175,'tt10288566','Another Round',''),(596161,'tt9340860','Let Him Go','based on novel or book'),(604872,'tt9203190','Skyfire',''),(611213,'tt10161886','The Prom','prom'),(614560,'tt10618286','Mank','movie business,screenwriter,biography,orson welles,hollywood,alcoholic,1930s'),(614587,'tt10621032','Lupin III: The First','thief,based on manga,gentleman thief,anime,manga'),(616803,'tt10081762','Breaking Surface','scuba diving,diving accident'),(618219,'tt9252468','Mosul',''),(627076,'tt9099800','Savage',''),(628333,'tt6842770','Wild Mountain Thyme','based on play or musical'),(641370,'tt3827540','Invasion Planet Earth',''),(643612,'tt10243992','I\'m Your Woman',''),(646593,'tt9689696','Wander','small town,new mexico,paranoia,murder,flashback,grief,conspiracy,car accident,violence,private detective,fbi agent,ptsd'),(647781,'tt9472532','Max Cloud',''),(649401,'tt11229780','Infidel','iranian regime'),(651571,'tt9820556','Breach','shape shifting alien,deep space'),(654028,'tt11057644','The Christmas Chronicles: Part Two','santa claus,sequel,christmas'),(658009,'tt12567246','Ip Man: Kung Fu Master',''),(662546,'tt11681250','Godmothered','christmas,fairy godmother'),(702550,'tt11229134','Durgamati','remake'),(716703,'tt9264728','What Lies Below','mystery'),(720755,'tt8980602','The Kid Detective',''),(721625,'tt12592252','Songbird','post-apocalyptic future,quarantine,lockdown,pandemic,covid-19,shot in lockdown'),(727097,'tt11274100','Archenemy',''),(733317,'tt6456326','Monsters of Man','killer robot'),(736485,'tt12942958','Monster Hunters',''),(737766,'tt12766346','If I Only Had Christmas','holiday,christmas'),(738567,'tt10731264','Suraj Pe Mangal Bhari',''),(744738,'tt11835714','Dune Drifter',''),(746060,'tt13320784','Five Star Christmas','christmas movie,hallmark'),(746466,'tt11348926','The Angel Tree','mystery,christmas'),(768939,'tt7153488','Army of One','slavery'),(770492,'tt9707580','Break Even','');
/*!40000 ALTER TABLE `tmdb_movies` ENABLE KEYS */;
UNLOCK TABLES;

--
-- Table structure for table `torrents`
--

DROP TABLE IF EXISTS `torrents`;
/*!40101 SET @saved_cs_client     = @@character_set_client */;
/*!50503 SET character_set_client = utf8mb4 */;
CREATE TABLE `torrents` (
  `id` int NOT NULL AUTO_INCREMENT,
  `torrent_name` text,
  `imdb_id` text,
  `torrent_size` text,
  `torrent_seeders` text,
  `torrent_leechers` text,
  `info_hash` text,
  PRIMARY KEY (`id`)
) ENGINE=InnoDB AUTO_INCREMENT=101 DEFAULT CHARSET=utf8mb4 COLLATE=utf8mb4_0900_ai_ci;
/*!40101 SET character_set_client = @saved_cs_client */;

--
-- Dumping data for table `torrents`
--

LOCK TABLES `torrents` WRITE;
/*!40000 ALTER TABLE `torrents` DISABLE KEYS */;
INSERT INTO `torrents` VALUES (1,'Tenet.2020.720p.HDRip.900MB.x264-GalaxyRG \\xe2\\xad\\x90','tt6723592','897.9 MB','4509','1525','FAD87ADFB92CBEEB0CF8265B837B76E48971BC40'),(2,'Tenet.2020.1080p.HDRip.x264.AAC2.0-SHITBOX','tt6723592','4.0 GB','11168','1952','F53691464BD2AD86248045B57FFCB006631D259B'),(3,'Honest.Thief.2020.720p.BluRay.800MB.x264-GalaxyRG \\xe2\\xad\\x90','tt1838556','866.4 MB','2269','571','1E50E9D7B4699E694D1B3284FE8E7619DE578ABB'),(4,'The.Croods.A.New.Age.2020.720p.WEBRip.800MB.x264-GalaxyRG \\xe2\\xad\\x90','tt2850386','796.2 MB','3262','925','B8097B0CFFE31D794362D1EC83D3604158908C47'),(5,'Suraj Pe Mangal Bhari (2020) Hindi 720p WEB-DL x264 ESubs [NW] - MkvHub','tt10731264','1.1 GB','361','45','7EB7136ACD9295CB6164A02C50A83D1A49E4576C'),(6,'Durgamati The Myth (2020)Hindi 720p WEBRip x264 AAC. ESub','unknown','1.1 GB','383','49','965B08CF479060189928D75E74BA40481A691169'),(7,'Tenet.2020.1080p.HDRip.DD5.1.X.264-EVO[TGx] \\xe2\\xad\\x90','tt6723592','2.7 GB','1944','470','2B7C9CCE1B74C9A8CBE97357A9DAC706D0BA6E96'),(8,'Freaky.2020.720p.WEBRip.800MB.x264-GalaxyRG \\xe2\\xad\\x90','tt10919380','797.4 MB','2908','819','A7838EB7D9DFBCFB0476DFA63868EA25A53BC909'),(9,'Tenet.2020.IMAX.1080p.BRRip.H264.AAC-RARBG','unknown','2.9 GB','2080','585','8110FB357235905D66BFBD877AF0A2DB4B4E03D0'),(10,'Boss.Level.2020.720p.WEBRip.800MB.x264-GalaxyRG \\xe2\\xad\\x90','tt7638348','797.1 MB','1089','142','3482E66FF2E3AC2EFF8F3B0960892526119FE9CE'),(11,'Tenet.2020.1080p.HDRip.X264.AC3-EVO','unknown','4.2 GB','2924','1357','7759B7A53A7A4FD47185CA303F9BA2096A08A33A'),(12,'Let.Him.Go.2020.720p.WEBRip.800MB.x264-GalaxyRG \\xe2\\xad\\x90','tt9340860','797.4 MB','1203','230','EA60D009239A35F9DA05D3629A07800B90E486D7'),(13,'Superintelligence.2020.720p.WEBRip.800MB.x264-GalaxyRG \\xe2\\xad\\x90','tt7178640','797.1 MB','1199','137','B78C88590668A42B3A71294739D0B7AC95670647'),(14,'Pinocchio.2020.720p.WEBRip.800MB.x264-GalaxyRG \\xe2\\xad\\x90','tt8333746','798.1 MB','864','97','BF16ACE87DABF2300253B7EDB7600B1BAB3EE02A'),(15,'Ip.Man.Kung.Fu.Master.2020.720p.BluRay.800MB.x264-GalaxyRG \\xe2\\xad\\x90','tt12567246','855.3 MB','1092','83','043C29D87567F43FACD4B6E621935BEADA30BD05'),(16,'Illumination.Presents.Minions.Holiday.Special.2020.720p.WEB.h264-BAE[TGx] \\xe2\\xad\\x90','null','405.5 MB','714','42','8C8EE3120FEB5890214C4B105600A626F6F0DD34'),(17,'Monsters.of.Man.2020.720p.WEBRip.800MB.x264-GalaxyRG \\xe2\\xad\\x90','tt6456326','797.5 MB','956','94','3E645188234475356B7D102313B35CB4D0B3F8CD'),(18,'Skylines.2020.720p.WEBRip.800MB.x264-GalaxyRG \\xe2\\xad\\x90','tt9387250','797.7 MB','1640','466','6897764F615E07B2B41F8EE9D636C657039123EF'),(19,'Role Play (Charmsukh) (2020) ULLU Hindi 1080p WEBRip x264 AAC','unknown','455.1 MB','222','60','3321462A4F525DD6C94EE751E3FD80D3B0968B54'),(20,'Torbaaz 2020 WebRip 720p Hindi AAC 5.1 x264 MSubs - mkvCinemas [Telly]','unknown','1.2 GB','160','15','04007BBAE5A92AFE83048D8F0D8F0839F5063BBB'),(21,'Breach.2020.720p.WEBRip.800MB.x264-GalaxyRG \\xe2\\xad\\x90','tt9820556','796.4 MB','1574','363','EB61B8C63F9B563AFAF05761D76527A682EA5879'),(22,'Wander.2020.720p.WEBRip.800MB.x264-GalaxyRG \\xe2\\xad\\x90','tt9689696','796.0 MB','838','255','1B9EC944B5FDF7113CF5A74D1B618EEDDC32F11C'),(23,'The.Croods.A.New.Age.2020.1080p.WEB-DL.DD5.1.x264-CM','unknown','4.1 GB','3379','710','1AC4BE5E02A5288927EB458A27F77F802BDAA690'),(24,'Army.of.One.2020.720p.WEBRip.800MB.x264-GalaxyRG \\xe2\\xad\\x90','tt7153488','796.6 MB','932','126','F47D578C264F123351CB7DF99BADCC828A90E6B2'),(25,'Tenet (2020) 720p IMAX BluRay [Hindi 5.1 + English] Dual-Audio x264 ESub - Katmo...','unknown','1.5 GB','207','56','F5B19190B30EEEA7BB1E3730F7E4B8821D755C97'),(26,'Freaky.2020.1080p.WEBRip.x264-RARBG','tt10919380','1.9 GB','1145','182','0BFA48D542DC37A40308B87041724FCD11D71698'),(27,'Honest.Thief.2020.1080p.BDRip.X264.AC3-EVO[TGx] \\xe2\\xad\\x90','tt1838556','3.7 GB','589','184','6D3927BC58E8DC3793A3BC37E1EFE5D26DB80997'),(28,'Archenemy.2020.720p.WEBRip.800MB.x264-GalaxyRG \\xe2\\xad\\x90','tt11274100','796.6 MB','603','77','8AB06410DD553042B3C743594356A8CCC8DACF7B'),(29,'Dune.Drifter.2020.720p.WEBRip.800MB.x264-GalaxyRG \\xe2\\xad\\x90','tt11835714','796.9 MB','634','44','CA0E5A5D4092A91B9976EB98B78E5FA59CF63395'),(30,'Godmothered.2020.720p.WEBRip.800MB.x264-GalaxyRG \\xe2\\xad\\x90','tt11681250','797.6 MB','546','264','14A579894F8B62847554055BEF7A2E7724F0989D'),(31,'Monster.Hunters.2020.720p.BluRay.800MB.x264-GalaxyRG \\xe2\\xad\\x90','tt12942958','858.7 MB','379','48','5BABB1CFBED123F9539C06A1D57869CDAF0FB0F2'),(32,'Tenet.2020.IMAX.1080p.BluRay.x265-RARBG','unknown','2.3 GB','713','94','99E6A6BA51F5BABED86C3F1070E1126C4A938D9C'),(33,'Happiest.Season.2020.720p.WEBRip.800MB.x264-GalaxyRG \\xe2\\xad\\x90','tt8522006','797.5 MB','798','384','FAD92F428CB94C33F1CE75762FB93738774BA2B8'),(34,'Parallel.2020.720p.WEBRip.800MB.x264-GalaxyRG \\xe2\\xad\\x90','tt4922674','797.1 MB','644','35','7F79DE5FA71502499875D19870F885C598BE7D69'),(35,'Sab Kushal Mangal (2020) Hindi 720p WEBRipx264 AAC','unknown','984.2 MB','170','38','996A0F8C097C12E7300D4F4784BE66A7B0C4325C'),(36,'Harami.2020.1080p.WEB.SCR.AAC.2.0.H.264-Telly','unknown','2.0 GB','152','21','DF5EFBAAAAC05A4AE421A03D9A0920958836BB6D'),(37,'Tenet 2020 1080p WEB-DL 2.5GB ESubs - MkvHub','tt6723592','2.5 GB','393','162','F02287952733089CFEDB85BFD5D5624153756487'),(38,'Suraj Pe Mangal Bhari 2020 Hindi 720p WEBRip AAC ESubs x264 - LOKiHD - Telly','unknown','1.3 GB','193','34','5E07D150AC0791B589AD517BFE954E5307E56A91'),(39,'Boss.Level.2020.1080p.WEBRip.x264-RARBG','tt7638348','1.9 GB','1693','293','07597F0AC1F79F9874D665DDCD7676BAB5F2F3BD'),(40,'Darbaan (2020) Zee5 Hindi 720p WEBRip x264 AAC. ESub','unknown','666.7 MB','124','16','BEABACC81AC54906299CF2AF01790817CBE3359D'),(41,'Dracula.Sir.2020.Bengali.1080p.WEB-DL.AAC.2.0.H.264-Telly','unknown','1.8 GB','108','7','7D5E5FE170CB5C47909B3640A073080277CAF374'),(42,'Indoo Ki Jawani (2020).1-3.PreDvD.Rip.x264.AC3.DUS-IcTv','unknown','1.5 GB','130','49','3C22FAF7F4B87B78D21F910BFA29F5E058DBDF02'),(43,'Tenet.2020.HDRip.XviD.AC3-EVO[TGx] \\xe2\\xad\\x90','tt6723592','1.8 GB','936','84','769DB334699777A4F963313735231785F13F1C21'),(44,'Honest.Thief.2020.1080p.BRRip.DD5.1.X.264-EVO[TGx] \\xe2\\xad\\x90','tt1838556','1.8 GB','301','16','1E70E044BC282A2920C598716AF771560D1DA8B3'),(45,'The.Kid.Detective.2020.720p.WEBRip.800MB.x264-GalaxyRG \\xe2\\xad\\x90','tt8980602','796.7 MB','481','86','B0EFF9BD13DF40B54A98DE9F90DD0DB2216CCF42'),(46,'Paava Kadhaigal (2020) NF Hindi 720p WEBRip x264 AAC. ESub','unknown','1.2 GB','139','27','49CAE97F6748BBF0633011A8FEC188B42CBE0B11'),(47,'Black.Beauty.2020.720p.DSNP.WEBRip.800MB.x264-GalaxyRG \\xe2\\xad\\x90','tt8484160','793.1 MB','341','95','F4E68E489DED64F8A4AADDB18E6531E81DDDB023'),(48,'Infidel.2020.720p.WEBRip.800MB.x264-GalaxyRG \\xe2\\xad\\x90','tt11229780','797.4 MB','548','36','7E6D65A7694153C5983DFA054094E9708F56DA1D'),(49,'Happiest.Season.2020.1080p.WEB.H264-NAISU','tt8522006','2.6 GB','1153','196','832803A6285BB099E83F47658EC14A59C9F839D1'),(50,'Pay For Sex 2020 720p Korean HDRip H264 BONE','unknown','684.9 MB','93','11','775E42B5DCCBD0772D8AEE98BDB18C18CEFFA074'),(51,'Life.in.a.Year.2020.720p.AMZN.WEBRip.800MB.x264-GalaxyRG \\xe2\\xad\\x90','tt6598238','797.2 MB','487','117','514018484332021CDF733E4F715BBC036F87E0E6'),(52,'It\'s My Life (2020) Hindi 720p HDTVRip x264 AAC','unknown','955.8 MB','189','32','579945231B6A41641FCFDDF3E1F58B22E1BE6980'),(53,'Skyfire.2019.720p.WEBRip.800MB.x264-GalaxyRG \\xe2\\xad\\x90','tt9203190','797.0 MB','245','24','AEF3BA1E93BF75AF8BBB523FA08620BAF49075DA'),(54,'The.Christmas.Chronicles.2.2020.720p.WEBRip.800MB.x264-GalaxyRG \\xe2\\xad\\x90','tt11057644','794.8 MB','430','105','715825D048BC3AC51A497312AC80ACA1DC91B8FE'),(55,'Boss.Level.2020.1080p.WEB-DL.DD5.1.H264-FGT','tt7638348','3.5 GB','2210','216','BB9E886094756D6B733A75CD76C0F0346A157EC8'),(56,'Songbird.2020.720p.WEBRip.800MB.x264-GalaxyRG \\xe2\\xad\\x90','tt12592252','796.6 MB','477','114','4C7621A019DD86399B0765A928E4F061150DB069'),(57,'What.Lies.Below.2020.720p.WEBRip.800MB.x264-GalaxyRG \\xe2\\xad\\x90','tt9264728','796.0 MB','359','38','85139A69280E28F13C8A6B5AFF74705560E7EAFC'),(58,'Anwar Ka Ajab Kissa (2020) Hindi (720p WEBRip x265 HEVC 10bit AAC 2.0 ESub) - [M...','tt3164774','1,022.2 MB','60','6','6B089BE08A182BA8A7EE84B2188EC55BC7D9FB0C'),(59,'Torbaaz 2020 Hindi 720p AMZN WEBRip AAC 5.1 MSubs x264 - LOKiHD - Telly','unknown','1.3 GB','160','35','3BF68AC7B747B773DA12588E911ED01040342442'),(60,'The.Croods.A.New.Age.2020.HDRip.XviD.AC3-EVO[TGx] \\xe2\\xad\\x90','tt2850386','1.2 GB','770','145','15C18278F84D5CE60FDD3B6A94F54C8B44C20FC5'),(61,'Suraj.Pe.Mangal.Bhari.2020.1080p.ZEE5.WEB-DL.HIN-Multi.AAC2.0.H.264-Telly','unknown','3.2 GB','54','12','7016AEC431B272206E464394645BD3E8D35FA3BA'),(62,'Suraj Pe Mangal Bhari (2020) Hindi 1080p WEB-DL x264 2GB ESubs [NW] - MkvHub','tt10731264','2.0 GB','110','23','3101766C780FE472966F60809BA01C7C3DAF2C66'),(63,'Lupin.III.The.First.2020.720p.WEBRip.800MB.x264-GalaxyRG \\xe2\\xad\\x90','tt10621032','796.1 MB','421','46','0028C1BB5F34787BA6751103FD0739A68667249D'),(64,'Durgamati The Myth 2020 Hindi 720p AMZN WEBRip AAC 5.1 ESubs x264 - LOKiHD - Tel...','unknown','1.4 GB','145','51','FCE0587249A2BC6A9BF6384CAACB7CE315D0FCFD'),(65,'Another.Round.2020.720p.WEBRip.800MB.x264-GalaxyRG \\xe2\\xad\\x90','tt10288566','797.0 MB','708','240','010B9B6D29D6BAC83460FA8E9EB455975F652ECC'),(66,'Let.Him.Go.2020.1080p.WEBRip.DD5.1.x264-CM','tt9340860','3.7 GB','1602','201','2028AF1984925935B3CD38B68020BA7215B9C28B'),(67,'Savage.2020.REPACK.720p.WEBRip.800MB.x264-GalaxyRG \\xe2\\xad\\x90','tt9099800','796.9 MB','277','18','76833E49F73AE11137866E2E2C31D8EE03787402'),(68,'Unpaused (2020) Hindi 720p WEBDL x264 AAC. ESub','unknown','634.0 MB','113','39','4EB3A52D1A547B4F7A99E70BF29DB70AA2FA82A3'),(69,'Ammonite.2020.720p.WEBRip.800MB.x264-GalaxyRG \\xe2\\xad\\x90','tt7983894','796.5 MB','344','182','115F1CBD80821B6E470F9D8EC9B0FBE23FD75750'),(70,'Tenet.2020.IMAX.1080p.BluRay.x264.DTS-FGT','unknown','13.6 GB','1645','449','2C20DE5E802AAA1A943B5CC0AA27F2DC1802E418'),(71,'Vanguard.2020.HDRip.XviD.AC3-EVO','unknown','1.4 GB','273','44','393FEAC3161639785478B576F9DD5478308E67D7'),(72,'Max.Cloud.2020.720p.WEBRip.800MB.x264-GalaxyRG \\xe2\\xad\\x90','tt9472532','796.6 MB','589','106','C2D5C84A88BE4A04783B11FCCDCF3F9E777EB817'),(73,'Im.Your.Woman.2020.720p.WEBRip.800MB.x264-GalaxyRG \\xe2\\xad\\x90','tt10243992','798.7 MB','253','28','C920ED4C4CDB79156EA9B2D6CDA8CFE408E77521'),(74,'Tenet.2020.1080p.HDRip.X264-EVO[TGx] \\xe2\\xad\\x90','tt6723592','10.7 GB','555','108','7B0F5B8DF92E63EF2046836FFCDF352B50033ABC'),(75,'Honest.Thief.2020.BDRip.XviD.AC3-EVO','unknown','1.3 GB','335','32','AA1D6E4F0CD182A26E2227E97532036951D0DC2A'),(76,'Mank.2020.720p.WEBRip.800MB.x264-GalaxyRG \\xe2\\xad\\x90','tt10618286','797.2 MB','338','63','7009467B9B86C272CB27683A8773D6E1B33D2068'),(77,'Skylines.2020.1080p.WEB-DL.DD5.1.H264-FGT','unknown','3.9 GB','2440','426','54977E450075FDFF1A35CAB24CCCAB818064E7A5'),(78,'Mulan (2020) 720p BluRay [Hindi 5.1 + English] Dual-Audio x264 ESub - KatmovieHD','unknown','1.0 GB','79','19','F9F339D4CC43D4A9E5F83EBAB3244343BA77D189'),(79,'Let.Him.Go.2020.1080p.WEBRip.x264-RARBG','tt9340860','2.2 GB','1284','217','0CB2B4083164B2D8866B975F7F9F9831064001B3'),(80,'Honest.Thief.2020.1080p.BluRay.x264.DTS-MT','tt1838556','9.2 GB','2199','466','04603E468B1334AD1878B8746BC69F4BB4991607'),(81,'The.Croods.A.New.Age.2020.1080p.WEB-DL.DD5.1.H.264-EVO[TGx] \\xe2\\xad\\x90','tt2850386','4.1 GB','510','129','05E1E5D34A0A593979FC46B181E6B82460CFC319'),(82,'Break.Even.2020.720p.WEBRip.800MB.x264-GalaxyRG \\xe2\\xad\\x90','tt9707580','796.4 MB','344','31','7E1A3AAEB90F0937AD9843D950B2D6A242289C7F'),(83,'Mosul.2020.1080p.NF.WEB-DL.DDP5.1.x264-CMRG[TGx] \\xe2\\xad\\x90','tt9252468','3.2 GB','325','74','6F13C80A8E619A73EFF32A0A9899DA172F57958B'),(84,'Invasion.Planet.Earth.2020.720p.BluRay.800MB.x264-GalaxyRG \\xe2\\xad\\x90','tt3827540','862.7 MB','210','25','B4E4A26D95B58D21D535A638DC77ED5C089299A3'),(85,'Freaky.2020.1080p.AMZN.WEBRip.DDP5.1.x264-NOGRP','tt10919380','7.0 GB','1304','247','9EE88DB78DC3C557A54921B8EE36300F65F3D62D'),(86,'Breaking.Surface.2020.720p.BluRay.800MB.x264-GalaxyRG \\xe2\\xad\\x90','tt10081762','853.5 MB','230','67','5EE789B9E76DD589FE97F1DDF6082302CDF56C57'),(87,'The Angel Tree 2020 Hallmark 720p HDTV X264 Solar','tt11348926','1.1 GB','243','28','85875D0A907ABB166B73CF9A333DCB055FB2B3BB'),(88,'The.Prom.2020.720p.WEBRip.800MB.x264-GalaxyRG \\xe2\\xad\\x90','tt10161886','801.3 MB','259','95','40435CA08BFD0EDC9B11CC85EF81A596D855625B'),(89,'Wolfwalkers.2020.720p.WEBRip.800MB.x264-GalaxyRG \\xe2\\xad\\x90','tt5198068','800.6 MB','278','75','E28571375059080380E4599ACF51BD2F4E149C28'),(90,'Five Star Christmas 2020 Hallmark 720p HDTV X264 Solar','tt13320784','1.0 GB','236','47','55F11870207C65179555177A792B43D97B8BA136'),(91,'Tenet.2020.IMAX.2160p.UHD.BluRay.x265.10bit.HDR.DTS-HD.MA.5.1-SWTYBLZ','unknown','29.9 GB','620','404','2A67B807216CEFD16A66ACE1CA9AC01889102AC9'),(92,'Tenet 2020 720p WEB-DL 1.3GB ESubs - MkvHub','tt6723592','1.3 GB','144','49','8322431373693260907BAF07B0C3AFC45900B000'),(93,'Harami 2020 1080p 10bit WEBRip AAC x265 HEVC - MoviePirate - Telly','unknown','1.7 GB','89','21','F762463CCE302EFAB2C2CFE6C41FB16084B696DA'),(94,'If I Only Had Christmas 2020 Hallmark 720p HDTV X264 Solar','tt12766346','1.1 GB','247','56','C5CEF5126383CAAE254E7E51814D84B8457F70D8'),(95,'The.Lord.of.the.Rings.The.Fellowship.of.the.Ring.2001.Extended.2160p.UHD.HDR.Blu...','unknown','14.7 GB','157','56','997EB763B0C51B09ECA3ECBD5D2C27E95772F254'),(96,'Wild.Mountain.Thyme.2020.720p.WEBRip.800MB.x264-GalaxyRG \\xe2\\xad\\x90','tt6842770','797.0 MB','211','54','8A543EE1A09A2E7DA66B66984C88B0340F8124CD'),(97,'Monsters.of.Man.2020.1080p.WEB-DL.DD5.1.H264-FGT','tt6456326','4.5 GB','1477','196','4389A9C3A4CA85EEE41F8FACDED02C0CB7D659FB'),(98,'Breach.2020.1080p.WEB-DL.DD5.1.x264-CM','unknown','3.9 GB','2165','397','80FE93FC25E1E59E6C435997F876E97F0E2887D5'),(99,'Harami 2020 Hindi 720p WEBRip AAC x264 - LOKiHD -Telly','unknown','1.0 GB','186','79','7C7BB8A00A0128175C16A96BEB79C5C84BEF4572'),(100,'DURGAMATI -THE MYTH (2020) Hindi HDRip 720p x264 DD+5.1 1.1GB ESub','tt11229134','1.1 GB','137','23','AB70CDAB1D4A557353B46D7ED3CC948CF3782110');
/*!40000 ALTER TABLE `torrents` ENABLE KEYS */;
UNLOCK TABLES;
/*!40103 SET TIME_ZONE=@OLD_TIME_ZONE */;

/*!40101 SET SQL_MODE=@OLD_SQL_MODE */;
/*!40014 SET FOREIGN_KEY_CHECKS=@OLD_FOREIGN_KEY_CHECKS */;
/*!40014 SET UNIQUE_CHECKS=@OLD_UNIQUE_CHECKS */;
/*!40101 SET CHARACTER_SET_CLIENT=@OLD_CHARACTER_SET_CLIENT */;
/*!40101 SET CHARACTER_SET_RESULTS=@OLD_CHARACTER_SET_RESULTS */;
/*!40101 SET COLLATION_CONNECTION=@OLD_COLLATION_CONNECTION */;
/*!40111 SET SQL_NOTES=@OLD_SQL_NOTES */;

-- Dump completed on 2020-12-21 18:41:02
